Village,Household ID,Day,3:00 AM,3:30 AM,4:00 AM,4:30 AM,5:00 AM,5:30 AM,6:00 AM,6:30 AM,7:00 AM,7:30 AM,8:00 AM,8:30 AM,9:00 AM,9:30 AM,10:00 AM,10:30 AM,11:00 AM,11:30 AM,12:00 PM,12:30 PM,1:00 PM,1:30 PM,2:00 PM,2:30 PM,3:00 PM,3:30 PM,4:00 PM,4:30 PM,5:00 PM,5:30 PM,6:00 PM,6:30 PM,7:00 PM,7:30 PM,8:00 PM,8:30 PM,9:00 PM,9:30 PM,10:00 PM,10:30 PM,11:00 PM,11:30 PM,12:00 AM,12:30 AM,1:00 AM,1:30 AM,2:00 AM,2:30 AM
Fasi,17,Monday,Sleeping,Sleeping,Sleeping,Sleeping,Sleeping,Sleeping,Woke up,Showering,Breakfast,Breakfast,Driving (work),Work,Work,Work,Work,Work,Work,Work,Work,Work,Work,Work,Work,Work,Work,Work,Work,Work,Home,Cooking,Dinner,Dinner,Dinner,Showering,Showering,Mobile devices (work),Mobile devices (work),Mobile devices (work),Sleeping,Sleeping,Sleeping,Sleeping,Sleeping,Sleeping,Sleeping,Sleeping,Sleeping,Sleeping
,,,,,,,,,,Getting dressed,,,,,,,,,,,,,,,,,,,,,,,,,,,,,,,,,,,,,,,,
Fanga,2,Monday,Sleeping,Sleeping,Sleeping,Sleeping,Sleeping,Sleeping,Sleeping,Sleeping,Woke up,Getting dressed,Walking (work),Work,Work,Work,Work,Work,Work,Work,Work,Work,Work,Work,Work,Work,Work,Work,Work,Work,Walking (home),Walking (home),Cooking,Cooking,"TV (TV, movies)","TV (TV, movies)","TV (TV, movies)","TV (TV, movies)","TV (TV, movies)","TV (TV, movies)",Showering,Showering,Mobile devices (work),Reading,Reading,Reading,Sleeping,Sleeping,Sleeping,Sleeping
,,,,,,,,,,,Showering,Breakfast,,,,,,,,,,,,,,,,,,,,,Tidy up,Laundry,Dinner,,,,,,,,Listen to music/radio,Listen to music/radio,,,,,,
Fangaloto,7,Wednesday,Sleeping,Sleeping,Sleeping,Sleeping,Sleeping,Sleeping,Sleeping,Sleeping,Woke up,Feeding animals,Getting dressed,Driving (work),Work,Work,Work,Work,Work,Work,Work,Work,Work,Work,Work,Work,Work,Work,Work,Work,Home,Feeding animals,Cooking,Cooking,Cooking,Dinner,Family devotion,"TV (TV, movies)","TV (TV, movies)","TV (TV, movies)","TV (TV, movies)","TV (TV, movies)",Sleeping,Sleeping,Sleeping,Sleeping,Sleeping,Sleeping,Sleeping,Sleeping
,,,,,,,,,,,Listen to music/radio,Listen to music/radio,Listen to music/radio,Driving (drop kids),,,,,,,,,,,,,,,,,,,,,,,,,,,,,,,,,,,,
Fangaloto,8,Monday,Sleeping,Sleeping,Sleeping,Sleeping,Sleeping,Sleeping,Sleeping,Sleeping,Woke up,Getting dressed,Getting dressed,Breakfast,Breakfast,Work,Work,Work,Work,Work,Work,Work,Work,Work,Work,Work,Work,Work,Work,Work,Work,Work,Work,Work,Rest,Rest,Rest,Showering,Showering,Sleeping,Sleeping,Sleeping,Sleeping,Sleeping,Sleeping,Sleeping,Sleeping,Sleeping,Sleeping,Sleeping
,,,,,,,,,,,Showering,,,,,,,,,,,,,,,,,,,,,,,,,,,,,,,,,,,,,,,
Fangaloto,6,Thursday,Sleeping,Sleeping,Sleeping,Sleeping,Sleeping,Sleeping,Sleeping,Sleeping,Woke up,Getting dressed,Getting dressed,Driving (work),Work,Work,Work,Work,Work,Work,Work,Work,Work,Work,Work,Work,Work,Work,Work,Driving (home),Home,Rest,Rest,Rest,Cooking,Cooking,Dinner,Dinner,Washing Dishes,Tidy up,Reading,Mobile devices (work),Mobile devices (work),Mobile devices (work),Sleeping,Sleeping,Sleeping,Sleeping,Sleeping,Sleeping
,,,,,,,,,,,,,,,,,,,,,,,,,,,,,,,Rest,,,,Tidy up,Tidy up,,,,,,,,,,,,,,
Houmakelikao,42,Thursday,Sleeping,Sleeping,Sleeping,Sleeping,Sleeping,Sleeping,Sleeping,Sleeping,Woke up,Getting dressed,Driving (work),Work,Work,Work,Work,Work,Work,Work,Work,Work,Work,Work,Work,Work,Work,Work,Work,Driving (pick up kids),Driving (home),Tidy up,Laundry,Cooking,Dinner,Showering (kids),Helping siblings (Homework),Helping siblings (Homework),"Mobile devises (browsing, social media)","Mobile devises (browsing, social media)","Mobile devises (browsing, social media)","Mobile devises (browsing, social media)","Mobile devises (browsing, social media)",Sleeping,Sleeping,Sleeping,Sleeping,Sleeping,Sleeping,Sleeping
,,,,,,,,,,,Breakfast,,,,,,,,,,,,,,,,,,,,,,,,,,,,,,,,,,,,,,,
Fanga,3,Monday,Sleeping,Sleeping,Sleeping,Sleeping,Sleeping,Sleeping,Woke up,Driving (gym),Home,Driving (work),Driving (work),Driving (work),Driving (work),Driving (work),Driving (work),Driving (work),Driving (work),Driving (work),Driving (work),Driving (work),Driving (work),Driving (work),Driving (work),Driving (work),Driving (work),Driving (work),Driving (work),Driving (work),Driving (gym),Driving (gym),Driving (gym),Driving (gym),"TV (TV, movies)","TV (TV, movies)","TV (TV, movies)","TV (TV, movies)","TV (TV, movies)","TV (TV, movies)","TV (TV, movies)","TV (TV, movies)",Sleeping,Sleeping,Sleeping,Sleeping,Sleeping,Sleeping,Sleeping,Sleeping
,,,,,,,,,Driving (gym),,Getting dressed,,,,,,,,,,,,,,,,,,,,,,,,,,,,,,,,,,,,,,,
Fasi,15,Friday,Sleeping,Sleeping,Sleeping,Sleeping,Sleeping,Sleeping,Sleeping,Sleeping,Sleeping,Woke up,Getting dressed,Driving (work),Work,Work,Work,Work,Work,Work,Work,Work,Work,Work,Work,Work,Work,Work,Work,Work,Work,Work,Work,Work,Home,Showering,Cooking,Dinner,"Mobile devises (browsing, social media)","Mobile devises (browsing, social media)",Sleeping,Sleeping,Sleeping,Sleeping,Sleeping,Sleeping,Sleeping,Sleeping,Sleeping,Sleeping
,,,,,,,,,,,,Showering,,,,,,,,,,,,,,,,,,,,,,,,,,,,,,,,,,,,,,
Fuaamotu,21,Friday,Sleeping,Sleeping,Sleeping,Sleeping,Sleeping,Sleeping,Sleeping,Sleeping,Sleeping,Sleeping,Sleeping,Sleeping,Woke up,Work,Work,Work,Work,Work,Work,Work,Work,Work,Work,Work,Work,Work,Work,Work,Driving (home),Driving (farm),Driving (farm),Driving (farm),Driving (farm),Showering,Dinner,"TV (TV, movies)","TV (TV, movies)","TV (TV, movies)","TV (TV, movies)","TV (TV, movies)","TV (TV, movies)","TV (TV, movies)","TV (TV, movies)","TV (TV, movies)","TV (TV, movies)","TV (TV, movies)","TV (TV, movies)","TV (TV, movies)"
,,,,,,,,,,,,,,,Getting dressed,,,,,,,,,,,,,,,,Home,,,,,Getting dressed,,,,,,,,,,,,,,
Fuaamotu,25,Monday,Sleeping,Sleeping,Sleeping,Sleeping,Woke up,Work,Work,Work,Work,Work,Work,Work,Work,Work,Work,Work,Work,Work,Work,Work,Work,Work,Work,Work,Work,Work,Work,Work,Work,Work,Work,Work,Work,Work,Work,Work,Home,Dinner,"TV (TV, movies)","TV (TV, movies)",Sleeping,Sleeping,Sleeping,Sleeping,Sleeping,Sleeping,Sleeping,Sleeping
,,,,,,,Getting dressed,,,,,,,,,,,,,,,,,,,,,,,,,,,,,,,,,,,,,,,,,,,
Fuaamotu,22,Tuesday,Sleeping,Sleeping,Sleeping,Woke up,Cooking,Tidy up,Tidy up,Driving (work),Work,Work,Work,Work,Work,Work,Work,Work,Work,Work,Work,Work,Work,Work,Work,Work,Work,Work,Driving (pick up kids),Home,Cooking,Cooking,Dinner,Dinner,"TV (TV, movies)","TV (TV, movies)","TV (TV, movies)","TV (TV, movies)",Listen to music/radio,Listen to music/radio,Listen to music/radio,Sleeping,Sleeping,Sleeping,Sleeping,Sleeping,Sleeping,Sleeping,Sleeping,Sleeping
,,,,,,Ironing,,,,,,,,,,,,,,,,,,,,,,,,Cooking,,,,,"Family time (chatting, games etc)","Family time (chatting, games etc)","Family time (chatting, games etc)","Family time (chatting, games etc)","Mobile devises (browsing, social media)","Mobile devises (browsing, social media)","Mobile devises (browsing, social media)",,,,,,,,,
Ha'ateiho,28,Tuesday,Sleeping,Sleeping,Sleeping,Sleeping,Sleeping,Sleeping,Sleeping,Sleeping,Woke up,Getting dressed,Driving (work),Work,Work,Work,Work,Work,Work,Work,Work,Work,Work,Work,Work,Work,Work,Work,Work,Driving (home),Home,Tidy up,Tidy up,Cooking,Dinner,Dinner,Showering,Showering,Reading,Reading,Reading,Reading,Sleeping,Sleeping,Sleeping,Sleeping,Sleeping,Sleeping,Sleeping,Sleeping
,,,,,,,,,,,Ironing,Breakfast,,,,,,,,,,,,,,,,,,,Tidy up,Laundry,Laundry,Cooking,"TV (TV, movies)","TV (TV, movies)",,,"TV (TV, movies)","TV (TV, movies)","TV (TV, movies)","TV (TV, movies)",,,,,,,,
Havelu,36,Wednesday,Sleeping,Sleeping,Sleeping,Sleeping,Sleeping,Woke up,Showering,Cooking,Breakfast,Breakfast,Driving (work),Work,Work,Work,Work,Work,Work,Work,Work,Work,Work,Work,Work,Work,Work,Work,Work,Work,Driving (work),Home,"TV (TV, movies)",Homework (kids),"TV (TV, movies)",Cooking,Dinner,Family devotion,Kids bedtime,Tidy up,Tidy up,Tidy up,Showering,Sleeping,Sleeping,Sleeping,Sleeping,Sleeping,Sleeping,Sleeping
,,,,,,,,Ironing,Getting dressed,Cooking (lunch),,,,,,,,,,,,,,,,,,,,,,,,,,,,,,,,,,,,,,,,
Havelu,37,Monday,Sleeping,Sleeping,Sleeping,Sleeping,Sleeping,Sleeping,Woke up,Showering,Getting dressed,Public transport (work),Public transport (work),Work,Work,Work,Work,Work,Work,Work,Work,Work,Work,Work,Work,Work,Work,Work,Work,Public transport (home),Rest,"Mobile devises (browsing, social media)",Dinner,Driving (gym),Driving (gym),Driving (gym),Driving (gym),Driving (gym),Home,Family devotion,Family devotion,Family devotion,"Mobile devises (browsing, social media)","Mobile devises (browsing, social media)",Sleeping,Sleeping,Sleeping,Sleeping,Sleeping,Sleeping
,,,,,,,,,,Ironing,,,,,,,,,,,,,,,,,,,,,,,,,,,,,Showering,"Family time (chatting, games etc)","Family time (chatting, games etc)","Family time (chatting, games etc)",Mobile device (movies),Mobile device (movies),,,,,,
Hofoa,40,Thursday,Sleeping,Sleeping,Sleeping,Sleeping,Sleeping,Sleeping,Woke up,Cooking (lunch),Getting dressed (kids),Breakfast,Driving (drop kids),Work,Work,Work,Work,Work,Work,Work,Work,Work,Work,Work,Work,Work,Work,Work,Work,Work,Work,Driving (home),Home,Cooking,Tidy up,Showering (kids),Dinner,Homework (kids),Laundry,Tidy up,Tidy up,Tidy up,Tidy up,Sleeping,Sleeping,Sleeping,Sleeping,Sleeping,Sleeping,Sleeping
,,,,,,,,,Cooking (lunch),Tidy up,,,Driving (work),,,,,,,,,,,,,,,,,,,,,,,,,Laundry,,,,,,,,,,,,
Houma,41,Monday,Sleeping,Sleeping,Sleeping,Sleeping,Sleeping,Sleeping,Woke up,Getting dressed,Breakfast,Breakfast,Driving (work),Work,Work,Work,Work,Work,Work,Work,Work,Work,Work,Work,Work,Work,Work,Work,Work,Work,Driving (gym),Driving (gym),Driving (gym),Driving (home),Home,Dinner,Homework (kids),Homework (kids),Rest,Rest,Rest,Rest,Sleeping,Sleeping,Sleeping,Sleeping,Sleeping,Sleeping,Sleeping,Sleeping
,,,,,,,,,Cooking,,,,Driving (drop kids),,,,,,,,,,,,,,,,,,,,,,Showering,,,,,,,,,,,,,,,
Houmakelikao,43,Monday,Sleeping,Sleeping,Sleeping,Sleeping,Sleeping,Sleeping,Sleeping,Sleeping,Sleeping,Sleeping,Woke up,Work,Work,Work,Work,Work,Work,Work,Work,Work,Work,Work,Work,Work,Work,Work,Work,Work,Home,Driving (farm),Driving (farm),Driving (farm),Home,"TV (TV, movies)","TV (TV, movies)","TV (TV, movies)","TV (TV, movies)","TV (TV, movies)","TV (TV, movies)",Sleeping,Sleeping,Sleeping,Sleeping,Sleeping,Sleeping,Sleeping,Sleeping,Sleeping
,,,,,,,,,,,,,Showering,,,,,,,,,,,,,,,,,,Cooking,,,,"TV (TV, movies)",,,,,,,,,,,,,,,
Fasi,10,Monday,Sleeping,Sleeping,Sleeping,Sleeping,Sleeping,Sleeping,Sleeping,Sleeping,Woke up,Ironing,Getting dressed,Driving (work),Work,Work,Work,Work,Work,Work,Work,Work,Work,Work,Work,Work,Work,Work,Work,Work,Walking (work),Rest,Cooking,Cooking,Cooking,Dinner,Dinner,Tidy up,Tidy up,Showering,Showering,Mobile device (movies),Mobile device (movies),Mobile device (movies),Mobile device (movies),Sleeping,Sleeping,Sleeping,Sleeping,Sleeping
,,,,,,,,,,,Showering,,,Work,,,,,,,,,,,,,,,,,Home,,,,,,,,,,,,,,,,,,,
Mailetaha,67,Tuesday,Sleeping,Sleeping,Sleeping,Sleeping,Woke up,Sleeping,Cooking,Breakfast,Walking (work),Walking (work),Walking (work),Work,Work,Work,Work,Work,Work,Work,Work,Work,Work,Work,Work,Work,Work,Work,Work,Work,Walking (home),Walking (home),Cooking,Cooking,Cooking,Dinner,Dinner,"Family time (chatting, games etc)","Family time (chatting, games etc)","Family time (chatting, games etc)",Sleeping,Sleeping,Sleeping,Sleeping,Sleeping,Sleeping,Sleeping,Sleeping,Sleeping,Sleeping
,,,,,,,Ironing,,,,,,,,,,,,,,,,,,,,,,,Walking (home),,Home,,,,,,,,,,,,,,,,,,
Fasi,11,Wednesday,Sleeping,Sleeping,Sleeping,Sleeping,Sleeping,Sleeping,Woke up,Showering,Family devotion,Walking (work),Walking (work),Work,Work,Work,Work,Work,Work,Work,Work,Work,Work,Work,Work,Work,Work,Work,Work,Work,Home,Family devotion,Going out,Going out,Going out,Going out,Going out,Going out,Going out,Home,Sleeping,Sleeping,Sleeping,Sleeping,Sleeping,Sleeping,Sleeping,Sleeping,Sleeping,Sleeping
,,,,,,,,,,Getting dressed,,,,,,,,,,,,,,,,,,,,,Cooking,,,,,,,,,Showering,,,,,,,,,,
Kolofo'ou,45,Tuesday,Sleeping,Sleeping,Sleeping,Sleeping,Sleeping,Sleeping,Sleeping,Sleeping,Woke up,Getting dressed,Driving (work),Work,Work,Work,Work,Work,Work,Work,Work,Work,Work,Work,Work,Work,Work,Work,Work,Work,Work,Work,Work,Driving (home),Dinner,Turning on appliances/lights,Mobile devices (games),Mobile devices (games),Mobile devices (games),Mobile devices (games),"Mobile devises (browsing, social media)","Mobile devises (browsing, social media)","Mobile devises (browsing, social media)",Sleeping,Sleeping,Sleeping,Sleeping,Sleeping,Sleeping,Sleeping
,,,,,,,,,,,,,,,,,,,,,,,,,,,,,,,,,,Home,,Showering,,,,,,,,,,,,,,
Fasi,12,Wednesday,Sleeping,Sleeping,Sleeping,Sleeping,Sleeping,Sleeping,Woke up,Turning off appliances/Lights,Cooking,Cooking,Breakfast,Showering,Showering,Driving (order delivery),Driving (order delivery),Driving (order delivery),Driving (order delivery),Driving (order delivery),Driving (order delivery),Driving (order delivery),Driving (order delivery),Driving (order delivery),Laundry,Laundry,Laundry,Laundry,Laundry,"Mobile devises (browsing, social media)","Mobile devises (browsing, social media)",Driving (gym),Laundry,Laundry,"TV (TV, movies)","TV (TV, movies)","TV (TV, movies)",Cooking,Dinner,Dinner,Feeding animals,Showering,"TV (TV, movies)","TV (TV, movies)","TV (TV, movies)","TV (TV, movies)",Sleeping,Sleeping,Sleeping,Sleeping
,,,,,,,,,,,Listen to music/radio,Laundry,Laundry,Laundry,Laundry,,,,,,,,,,,,Rest,Rest,Rest,,,,,,Turning on appliances/lights,Showering (kids),Showering (kids),,Tidy up,Tidy up,,,,,,,,,,
Fasi,13,Thursday,Sleeping,Sleeping,Sleeping,Sleeping,Sleeping,Sleeping,Sleeping,Woke up,Driving (gym),Driving (gym),Breakfast,Breakfast,Cooking (business),Cooking (business),Cooking (business),Driving (order delivery),Driving (order delivery),Driving (order delivery),Driving (order delivery),Driving (order delivery),Tidy up,Tidy up,Tidy up,Lunch,Rest,Rest,Rest,Rest,Rest,Driving (gym),Driving (gym),Driving (gym),Driving (gym),Driving (gym),Driving (gym),Home,Dinner,Dinner,Food prep (business),Food prep (business),Food prep (business),Mobile device (movies),Mobile device (movies),Mobile device (movies),Sleeping,Sleeping,Sleeping,Sleeping
,,,,,,,,,,,,,,,,,,,,,,,,,,,"Mobile devises (browsing, social media)","Mobile devises (browsing, social media)","Mobile devises (browsing, social media)","Mobile devises (browsing, social media)","Mobile devises (browsing, social media)",,,,,,,Showering,,,,,,,,,,,,
Fasi,14,Wednesday,Sleeping,Sleeping,Sleeping,Sleeping,Sleeping,Woke up,Family devotion,Showering,Ironing,Getting dressed,Driving (work),Work,Work,Work,Work,Work,Work,Work,Work,Work,Work,Work,Work,Work,Work,Work,Work,Work,Driving (work),"Mobile devises (browsing, social media)","Mobile devises (browsing, social media)",Cooking,Dinner,Dinner,Showering,Mobile device (movies),Reading,Reading,Reading,Reading,Sleeping,Sleeping,Sleeping,Sleeping,Sleeping,Sleeping,Sleeping,Sleeping
,,,,,,,,,,Listen to music/radio,Getting dressed,Charging mobile devices,,,,,,,,,,,,,,,,,,,Home,Listen to music/radio,Listen to music/radio,,,,,,,,,,,,,,,,,
Mataika,70,Wednesday,Sleeping,Sleeping,Sleeping,Sleeping,Sleeping,Sleeping,Sleeping,Sleeping,Sleeping,Woke up,Driving (work),Work,Work,Work,Work,Work,Work,Work,Work,Work,Work,Work,Work,Work,Work,Work,Work,Work,Home,Rest,Rest,Rest,Cooking,Dinner,Driving (gym),Driving (gym),Driving (gym),Home,Sleeping,Sleeping,Sleeping,Sleeping,Sleeping,Sleeping,Sleeping,Sleeping,Sleeping,Sleeping
,,,,,,,,,,,,Getting dressed,,,,,,,,,,,,,,,,,,,,,,,,,,,,Showering,,,,,,,,,,
Ma'ufanga,65,Wednesday,Sleeping,Sleeping,Sleeping,Sleeping,Woke up,Getting dressed,Driving (church),Home,Cooking,Breakfast,Showering,Driving (work),Work,Work,Work,Work,Work,Work,Work,Work,Work,Work,Work,Work,Work,Work,Work,Work,Driving (home),Home,Cooking,Cooking,"Family time (chatting, games etc)",Dinner,Tidy up,Showering (kids),"TV (TV, movies)","TV (TV, movies)","TV (TV, movies)","TV (TV, movies)",Showering,Sleeping,Sleeping,Sleeping,Sleeping,Sleeping,Sleeping,Sleeping
,,,,,,,Family devotion,Driving (church),,,,,Getting dressed,Work,,,,,,,,,,,,,,,,,,,Listen to music/radio,Listen to music/radio,Listen to music/radio,Listen to music/radio,Listen to music/radio,,"Mobile devises (browsing, social media)","Mobile devises (browsing, social media)","Mobile devises (browsing, social media)","Mobile devises (browsing, social media)",,,,,,,,
Halaleva,31,Tuesday,Sleeping,Sleeping,Sleeping,Sleeping,Sleeping,Sleeping,Sleeping,Sleeping,Woke up,Getting dressed,Getting dressed,Driving (work),Work,Work,Work,Work,Work,Work,Work,Work,Work,Work,Work,Work,Work,Work,Work,Work,Home,Cooking,Dinner,"TV (TV, movies)","TV (TV, movies)","TV (TV, movies)","TV (TV, movies)","TV (TV, movies)","TV (TV, movies)","TV (TV, movies)","TV (TV, movies)","TV (TV, movies)",Sleeping,Sleeping,Sleeping,Sleeping,Sleeping,Sleeping,Sleeping,Sleeping
,,,,,,,,,,,Ironing,Listen to music/radio,Listen to music/radio,Work,,,,,,,,,,,,,,,,,Cooking,,,,,,,,,,,,,,,,,,,
Popua,78,Friday,Sleeping,Sleeping,Sleeping,Sleeping,Sleeping,Sleeping,Sleeping,Sleeping,Sleeping,Woke up,Showering,Work,Work,Work,Work,Work,Work,Work,Work,Work,Work,Work,Work,Work,Work,Work,Work,Work,Home,Cooking,Cooking,Cooking,Cooking,Dinner,Homework (kids),Homework (kids),"TV (TV, movies)","TV (TV, movies)","TV (TV, movies)",Sleeping,Sleeping,Sleeping,Sleeping,Sleeping,Sleeping,Sleeping,Sleeping,Sleeping
,,,,,,,,,,,,Listen to music/radio,Breakfast,,,,,,,,,,,,,,,,,Driving (home),Listen to music/radio,Listen to music/radio,Listen to music/radio,Listen to music/radio,Listen to music/radio,,,,,,,,,,,,,,,
Popua,79,Wednesday,Sleeping,Sleeping,Sleeping,Sleeping,Sleeping,Sleeping,Sleeping,Woke up,Breakfast,Showering,Driving (work),Work,Work,Work,Work,Work,Work,Work,Work,Work,Work,Work,Work,Work,Work,Work,Work,Work,Driving (home),Cooking,Laundry,Laundry,Laundry,Laundry,Dinner,Dinner,Laundry,Laundry,Sleeping,Sleeping,Sleeping,Sleeping,Sleeping,Sleeping,Sleeping,Sleeping,Sleeping,Sleeping
,,,Charging mobile devices,Charging mobile devices,Charging mobile devices,Charging mobile devices,Charging mobile devices,Charging mobile devices,Charging mobile devices,Charging mobile devices,,Getting dressed,,,,,,,,,,,,,,,,,,,,,,,,,,,,,,,,,,,,,,
Vaololoa,98,Monday,Sleeping,Sleeping,Sleeping,Sleeping,Sleeping,Sleeping,Sleeping,Sleeping,Woke up,Feeding animals,Breakfast,Driving (work),Work,Work,Work,Work,Work,Work,Work,Work,Work,Work,Work,Work,Work,Work,Work,Work,Driving (home),Driving (visiting relatives),Driving (visiting relatives),Driving (visiting relatives),Driving (visiting relatives),Driving (visiting relatives),Driving (visiting relatives),Driving (visiting relatives),Driving (visiting relatives),Driving (visiting relatives),Driving (visiting relatives),Home,Mobile device (movies),Mobile device (movies),Mobile device (movies),Sleeping,Sleeping,Sleeping,Sleeping,Sleeping
,,,,,,,,,,,Feeding animals,Ironing,Getting dressed,Work,,,,,,,,,,,,,,,,,,,,,,,,,,,,,,,,,,,,
Kolomotu'a,47,Monday,Sleeping,Sleeping,Sleeping,Sleeping,Sleeping,Sleeping,Sleeping,Sleeping,Woke up,Showering,Breakfast,Work,Work,Work,Work,Work,Work,Work,Work,Work,Work,Work,Work,Work,Work,Work,Work,Work,Driving (home),Cooking,"TV (TV, movies)","TV (TV, movies)","TV (TV, movies)",Dinner,"TV (TV, movies)",Homework (kids),"Mobile devises (browsing, social media)","Mobile devises (browsing, social media)",Sleeping,Sleeping,Sleeping,Sleeping,Sleeping,Sleeping,Sleeping,Sleeping,Sleeping,Sleeping
,,,,,,,,,,,Ironing,,Driving (work),,,,,,,,,,,,,,,,,,,,,,,,"Mobile devises (browsing, social media)",,,,,,,,,,,,,
Kolomotu'a,49,Friday,Sleeping,Sleeping,Sleeping,Sleeping,Sleeping,Sleeping,Sleeping,Sleeping,Sleeping,Sleeping,Woke up,Showering,Driving (work),Work,Work,Work,Work,Work,Work,Work,Work,Work,Work,Work,Work,Work,Work,Work,Driving (home),Mobile device (movies),Mobile device (movies),Showering,Driving (gym),Driving (gym),Driving (gym),Driving (gym),Home,"TV (TV, movies)","TV (TV, movies)","TV (TV, movies)","TV (TV, movies)","TV (TV, movies)","TV (TV, movies)","TV (TV, movies)",Sleeping,Sleeping,Sleeping,Sleeping
,,,,,,,,,,,,,Listen to music/radio,Getting dressed,Work,,,,,,,,,,,,,,,,Home,,,,,,,,Showering,,,,,,,,,,,
Sopu,82,Friday,Sleeping,Sleeping,Sleeping,Sleeping,Sleeping,Sleeping,Sleeping,Sleeping,Sleeping,Sleeping,Sleeping,Sleeping,Woke up,Showering,Breakfast,"Mobile devises (browsing, social media)","Mobile devises (browsing, social media)","Mobile devises (browsing, social media)","Mobile devises (browsing, social media)",Mobile devices (work),Mobile devices (work),Mobile devices (work),Mobile devices (work),Mobile devices (work),Mobile devices (work),Mobile devices (work),Mobile devices (work),Mobile devices (work),Mobile devices (work),Mobile devices (work),"Mobile devises (browsing, social media)","Mobile devises (browsing, social media)",Mobile devices (work),Mobile devices (work),Mobile devices (work),Mobile devices (work),Mobile devices (work),Mobile devices (work),Mobile devices (work),Mobile devices (work),Mobile devices (work),Mobile devices (work),"Mobile devises (browsing, social media)","Mobile devises (browsing, social media)",Sleeping,Sleeping,Sleeping,Sleeping
,,,Charging mobile devices,Charging mobile devices,Charging mobile devices,Charging mobile devices,Charging mobile devices,Charging mobile devices,Charging mobile devices,Charging mobile devices,Charging mobile devices,Charging mobile devices,Charging mobile devices,Charging mobile devices,Turning off appliances/Lights,,,,,,,,,,,,,,,,,,,,,,,,,,,,,,,,Charging mobile devices,Charging mobile devices,Charging mobile devices,Charging mobile devices
Fasi,9,Tuesday,Sleeping,Sleeping,Sleeping,Sleeping,Sleeping,Sleeping,Sleeping,Sleeping,Sleeping,Woke up,Getting dressed,Work,Work,Work,Work,Work,Work,Work,Work,Work,Work,Work,Work,Work,Work,Work,Work,Work,Home,Feeding animals,Showering,"TV (TV, movies)","TV (TV, movies)","TV (TV, movies)","TV (TV, movies)",Family devotion,"Family time (chatting, games etc)","Family time (chatting, games etc)",Sleeping,Sleeping,Sleeping,Sleeping,Sleeping,Sleeping,Sleeping,Sleeping,Sleeping,Sleeping
,,,,,,,,,,,,Family devotion,Breakfast,,,,,,,,,,,,,,,,,,Cooking,,,"Mobile devises (browsing, social media)","Mobile devises (browsing, social media)","Mobile devises (browsing, social media)","Mobile devises (browsing, social media)",,,,,,,,,,,,,
Kolomotu'a,50,Wednesday,Sleeping,Sleeping,Sleeping,Sleeping,Sleeping,Sleeping,Sleeping,Sleeping,Woke up,Showering,Getting dressed,Driving (work),Work,Work,Work,Work,Work,Work,Work,Work,Work,Work,Work,Work,Work,Work,Work,Driving (home),Home,Rest,Rest,Rest,Cooking,Tidy up,"Family time (chatting, games etc)","Family time (chatting, games etc)","Family time (chatting, games etc)","Family time (chatting, games etc)","Family time (chatting, games etc)","Family time (chatting, games etc)","Family time (chatting, games etc)",Sleeping,Sleeping,Sleeping,Sleeping,Sleeping,Sleeping,Sleeping
,,,,,,,,,,,,Listen to music/radio,Listen to music/radio,,,,,,,,,,,,,,,,,,,,,,Dinner,Listen to music/radio,,,Showering,,,,,,,,,,,
Kolomotu'a,51,Friday,Sleeping,Sleeping,Sleeping,Sleeping,Sleeping,Sleeping,Woke up,Family devotion,Ironing,Ironing,Ironing,Ironing,Breakfast,Laundry,Driving (farm),Driving (farm),Driving (farm),Home,Tidy up,Tidy up,Tidy up,Tidy up,Cooking,Cooking,Cooking,Cooking,Cooking,Cooking,Cooking,Cooking,"Mobile devises (browsing, social media)",Dinner,Dinner,"Family time (chatting, games etc)","Family time (chatting, games etc)","Family time (chatting, games etc)","Family time (chatting, games etc)","Family time (chatting, games etc)",Sleeping,Sleeping,Sleeping,Sleeping,Sleeping,Sleeping,Sleeping,Sleeping,Sleeping,Sleeping
,,,,,,,,,Turning off appliances/Lights,,Cooking,Cooking,Cooking,Cooking,"Mobile devises (browsing, social media)","Mobile devises (browsing, social media)","Mobile devises (browsing, social media)","Mobile devises (browsing, social media)","Mobile devises (browsing, social media)","Mobile devises (browsing, social media)","Mobile devises (browsing, social media)","Mobile devises (browsing, social media)","Mobile devises (browsing, social media)","Mobile devises (browsing, social media)","Mobile devises (browsing, social media)",,,,,,,,,,,,,,,,,,,,,,,,,
Kolomotu'a,52,Tuesday,Sleeping,Sleeping,Sleeping,Sleeping,Sleeping,Sleeping,Woke up,Ironing,Getting dressed,Getting dressed (kids),Driving (drop kids),Driving (drop kids),Breakfast,Driving (work),Work,Work,Work,Work,Work,Work,Work,Work,Work,Driving (pick up kids),Driving (pick up kids),Driving (pick up kids),Driving (pick up kids),Home,Feeding animals,Feeding animals,Cooking,Cooking,Dinner,Dinner,Driving (pick up kids),Driving (pick up kids),Church (choir practice),Church (choir practice),Home,Showering,Sleeping,Sleeping,Sleeping,Sleeping,Sleeping,Sleeping,Sleeping,Sleeping
,,,,,,,,,,,Getting dressed (kids),,,,Getting dressed,Work,,,,,,,,,,,,,,Rest,,,,,,,,,,,Light meal/snack,,,,,,,,,
Longolongo,63,Monday,Sleeping,Sleeping,Sleeping,Sleeping,Sleeping,Sleeping,Sleeping,Sleeping,Woke up,Showering,Driving (home),Work,Work,Work,Work,Work,Work,Work,Work,Work,Work,Work,Work,Work,Work,Work,Work,Work,Home,Feeding animals,"Exercise (Jog, walk)","Exercise (Jog, walk)",Showering,Dinner,Dinner,Mobile device (movies),"Mobile devises (browsing, social media)","Mobile devises (browsing, social media)","Mobile devises (browsing, social media)","Mobile devises (browsing, social media)",Family devotion,Sleeping,Sleeping,Sleeping,Sleeping,Sleeping,Sleeping,Sleeping
,,,,,,,,,,,"Mobile devises (browsing, social media)",Getting dressed,,,,,,,,,,,,,,,,,,,Listen to music/radio,Listen to music/radio,Listen to music/radio,Listen to music/radio,,,,,,,,,,,,,,,,
Havelu,34,Tuesday,Mobile devices (work),Sleeping,Sleeping,Sleeping,Sleeping,Sleeping,Sleeping,Woke up,Getting dressed,Driving (drop kids),"Exercise (Jog, walk)",Showering,Driving (home),Work,Work,Work,Work,Work,Work,Work,Work,Work,Work,Work,Work,Work,Work,Work,Rest,Rest,Dinner,Dinner,"Exercise (Jog, Walk)",Mobile devices (work),Mobile device (movies),Mobile device (movies),Mobile device (movies),Sleeping,Sleeping,Sleeping,Sleeping,Sleeping,Sleeping,Sleeping,Sleeping,Sleeping,Sleeping,Sleeping
,,,,,,,,,,,Listen to music/radio,,,Getting dressed,,,,,,,,,,,,,,,,,,,,,,,,,,,,,,,,,,,,
Havelu,38,Wednesday,Sleeping,Sleeping,Sleeping,Sleeping,Sleeping,Sleeping,Sleeping,Sleeping,Woke up,Ironing,Showering,Driving (work),Work,Work,Work,Work,Work,Work,Work,Work,Work,Work,Work,Work,Work,Work,Work,Work,Work,Driving (home),Gardening,Gardening,Cooking,Cooking,Dinner,Dinner,Tidy up,Tidy up,Homework (kids),Homework (kids),Sleeping,Sleeping,Sleeping,Sleeping,Sleeping,Sleeping,Sleeping,Sleeping
,,,,,,,,,,,,Listen to music/radio,Listen to music/radio,Work,,,,,,,,,,,,,,,,,,Home,Listen to music/radio,Listen to music/radio,Listen to music/radio,Listen to music/radio,"TV (TV, movies)","TV (TV, movies)",Listen to music/radio,Listen to music/radio,Mobile devices (work),"Mobile devises (browsing, social media)",,,,,,,,
Lakepa,54,Thursday,Sleeping,Sleeping,Sleeping,Sleeping,Sleeping,Sleeping,Sleeping,Sleeping,Woke up,Showering,Driving (work),Work,Work,Work,Work,Work,Work,Work,Work,Work,Work,Work,Work,Work,Work,Work,Work,Work,Work,Work,Work,Home,Listen to music/radio,Listen to music/radio,Listen to music/radio,Listen to music/radio,Listen to music/radio,Listen to music/radio,Listen to music/radio,Listen to music/radio,Listen to music/radio,Sleeping,Sleeping,Sleeping,Sleeping,Sleeping,Sleeping,Sleeping
,,,,,,,,,,,,Getting dressed,,,,,,,,,,,,,,,,,,,,,,Rest,Cooking,Cooking,Dinner,Dinner,Tidy up,Tidy up,,,,,,,,,,
Havelu,39,Friday,Sleeping,Sleeping,Sleeping,Sleeping,Sleeping,Sleeping,Sleeping,Woke up,Getting dressed,Getting dressed,Getting dressed,Work,Work,Work,Work,Work,Work,Work,Work,Work,Work,Work,Work,Work,Work,Work,Work,Work,Home,Tidy up,Tidy up,Tidy up,Driving (gym),Driving (gym),Driving (gym),Driving (gym),Driving (gym),Showering,Mobile device (movies),Mobile device (movies),Mobile device (movies),Sleeping,Sleeping,Sleeping,Sleeping,Sleeping,Sleeping,Sleeping
,,,,,,,,,,,,,,,,,,,,,,,,,,,,,,,Tidy up,"Mobile devises (browsing, social media)","Mobile devises (browsing, social media)","Mobile devises (browsing, social media)",,,,,,,"Mobile devises (browsing, social media)","Mobile devises (browsing, social media)","Mobile devises (browsing, social media)",,,,,,,
Kolomotu'a,48,Tuesday,Sleeping,Sleeping,Sleeping,Sleeping,Sleeping,Sleeping,Sleeping,Woke up,Getting dressed,Getting dressed,Driving (work),Work,Work,Work,Work,Work,Work,Work,Work,Work,Work,Work,Work,Work,Work,Work,Work,Work,Work,Work,Driving (home),Driving (home),Dinner,Dinner,Dinner,Dinner,Dinner,"TV (TV, movies)","TV (TV, movies)","TV (TV, movies)","TV (TV, movies)","TV (TV, movies)","TV (TV, movies)","TV (TV, movies)",Sleeping,Sleeping,Sleeping,Sleeping
,,,,,,,,,,Showering,,,,,,,,,,,,,,,,,,,,,,,,,,,,,,,,,,,,,,,,
Kolomotu'a,46,Friday,Sleeping,Sleeping,Sleeping,Sleeping,Woke up,Family devotion,Family devotion,Ironing,Showering,Driving (work),Work,Work,Work,Work,Work,Work,Work,Work,Work,Work,Work,Work,Work,Work,Work,Work,Work,Driving (home),Tidy up,Tidy up,Tidy up,Cooking,Dinner,Dinner,Mobile device (movies),Mobile device (movies),Mobile device (movies),Mobile device (movies),Mobile device (movies),Sleeping,Sleeping,Sleeping,Sleeping,Sleeping,Sleeping,Sleeping,Sleeping,Sleeping
,,,,,,,,,,,Getting dressed,,,,,,,,,,,,,,,,,,,Home,,,,,,,,,,,,,,,,,,,,
Te'ekiu,84,Friday,Sleeping,Sleeping,Sleeping,Sleeping,Woke up,Driving (church),Driving (church),Home,Breakfast,Getting dressed,Driving (work),Work,Work,Work,Work,Work,Work,Work,Work,Work,Work,Work,Work,Work,Work,Work,Work,Driving (home),Home,Feeding animals,Driving (farm),Home,Driving (Kava),Driving (Kava),Driving (Kava),Driving (Kava),Driving (Kava),Driving (Kava),Driving (Kava),Dinner,Mobile devices (work),Mobile devices (work),Sleeping,Sleeping,Sleeping,Sleeping,Sleeping,Sleeping
,,,,,,,,,,,,,,,,,,,,,,,,,,,,,,,,,,,,,,,,,,,,,,,,,,
Lakepa,53,Friday,Sleeping,Sleeping,Sleeping,Sleeping,Sleeping,Sleeping,Sleeping,Sleeping,Woke up,Getting dressed,Getting dressed,Driving (work),Work,Work,Work,Work,Work,Work,Work,Work,Work,Work,Work,Work,Work,Work,Work,Work,Driving (home),Dinner,Dinner,Dinner,Rest,Rest,Mobile devices (work),Mobile devices (work),Mobile devices (work),Mobile devices (work),Mobile devices (work),Mobile devices (work),Mobile devices (work),Mobile devices (work),Mobile devices (work),Sleeping,Sleeping,Sleeping,Sleeping,Sleeping
,,,,,,,,,,,Showering,Listen to music/radio,Listen to music/radio,Work,,,,,,,,,,,,,,,,,Home,Listen to music/radio,Listen to music/radio,Listen to music/radio,,,,,,,,,,,,,,,,
Lapaha,55,Tuesday,Sleeping,Sleeping,Sleeping,Sleeping,Sleeping,Sleeping,Sleeping,Sleeping,Sleeping,Sleeping,Sleeping,Sleeping,Woke up,Showering,Ironing,Driving (work),Work,Work,Work,Work,Work,Work,Work,Work,Work,Work,Work,Work,Home,"TV (TV, movies)","TV (TV, movies)","TV (TV, movies)","TV (TV, movies)","TV (TV, movies)",Dinner,Dinner,Mobile devices (work),Light meal/snack,"TV (TV, movies)","TV (TV, movies)","TV (TV, movies)","TV (TV, movies)","TV (TV, movies)","TV (TV, movies)",Sleeping,Sleeping,Sleeping,Sleeping
,,,,,,,,,,,,,,,Charging mobile devices,Breakfast,,Work,,,,,,,,,,,,,Charging mobile devices,,,,,,,,,,,,,,,,,,,
Liahona,57,Tuesday,Sleeping,Sleeping,Sleeping,Sleeping,Sleeping,Sleeping,Woke up,Cooking,Showering,Ironing,Walking (work),Work,Work,Work,Work,Work,Work,Work,Work,Work,Work,Work,Work,Work,Work,"TV (TV, movies)",Driving (pick up kids),Driving (pick up kids),Tidy up,"TV (TV, movies)","TV (TV, movies)","TV (TV, movies)",Dinner,"TV (TV, movies)","TV (TV, movies)","TV (TV, movies)",Homework (kids),Homework (kids),Mobile devices (work),Mobile devices (work),Mobile devices (work),Sleeping,Sleeping,Sleeping,Sleeping,Sleeping,Sleeping,Sleeping
,,,,,,,,,Cooking,,Breakfast,,Work,,,,,,,,,,,,,,,,,Home,Cooking,,,,,,,,,,,,,,,,,,,
Liahona,60,Monday,Sleeping,Sleeping,Sleeping,Sleeping,Sleeping,Woke up,Ironing,Tidy up,Getting dressed (kids),Breakfast,Driving (work),Work,Work,Work,Work,Work,Work,Work,Work,Work,Work,Work,Work,Work,Driving (pick up kids),Driving (pick up kids),Driving (home),Home,Tidy up,Church (social activities),Church (social activities),Homework (kids),Homework (kids),Dinner,Dinner,"TV (TV, movies)","Mobile devises (browsing, social media)",Kids bedtime,Kids bedtime,Kids bedtime,Sleeping,Sleeping,Sleeping,Sleeping,Sleeping,Sleeping,Sleeping,Sleeping
,,,,,,,,Cooking,,,Getting dressed,,,,,,,,,,,,,,,,,,,Cooking,,,,,,,,,,,,,,,,,,,,
Liahona,59,Wednesday,Sleeping,Sleeping,Sleeping,Sleeping,Woke up,"Exercise (Jog, walk)",Cooking,Cooking,Showering,Breakfast,Work,Work,Work,Work,Work,Work,Work,Work,Work,Work,Work,Work,Work,Work,Work,Work,Work,Work,Work,"Exercise (Jog, walk)","Exercise (Jog, walk)",Driving (home),Cooking,Cooking,Dinner,Tidy up,Showering,Mobile devices (work),Mobile devices (work),Sleeping,Sleeping,Sleeping,Sleeping,Sleeping,Sleeping,Sleeping,Sleeping,Sleeping
,,,,,,,,,Cooking (lunch),Cooking (lunch),,Driving (work),,,,,,,,,,,,,,,,,,,,,,,,,,,,,,,,,,,,,,
Liahona,62,Thursday,Sleeping,Sleeping,Woke up,Scripture study,Mobile devices (work),"Exercise (Jog, walk)","Exercise (Jog, walk)","Exercise (Jog, walk)",Showering,Getting dressed,Walking (work),Work,Work,Work,Work,Work,Work,Work,Work,Work,Work,Work,Work,Work,Work,Work,Work,School,School,School,School,School,Home,Rest,Showering,Sleeping,Sleeping,Sleeping,Sleeping,Sleeping,Sleeping,Sleeping,Sleeping,Sleeping,Sleeping,Sleeping,Sleeping,Sleeping
,,,,,,,,,,,Breakfast,,Work,,,,,,,,,,,,,,,,,,,,,,,,,,,,,,,,,,,,,
Liahona,61,Monday,Sleeping,Sleeping,Sleeping,Sleeping,Sleeping,Woke up,Cooking,Cooking,Cooking,Breakfast,Walking (work),Work,Work,Work,Work,Work,Work,Work,Work,Work,Work,Work,Work,Work,Work,Work,Work,Driving (pick up kids),Driving (pick up kids),Cooking,Cooking,Dinner,Homework (kids),Homework (kids),Homework (kids),Homework (kids),Homework (kids),Sleeping,Sleeping,Sleeping,Sleeping,Sleeping,Sleeping,Sleeping,Sleeping,Sleeping,Sleeping,Sleeping
,,,,,,,,,Cooking,Cooking,Cooking,"TV (TV, movies)",Work,,,,,,,,,,,,,,,,,,,,,"TV (TV, movies)",,,,,,,,,,,,,,,,
Vaini,94,Monday,Sleeping,Sleeping,Sleeping,Sleeping,Sleeping,Sleeping,Woke up,Cooking,Turning off appliances/Lights,Showering,Driving (drop kids),Work,Work,Work,Work,Work,Work,Work,Work,Work,Work,Work,Work,Work,Work,Work,Work,Driving (pick up kids),Driving (home),Home,Laundry,Charging mobile devices,Prepare kids bag for school,Turning off appliances/Lights,Ironning,Cooking (baby),Kids bedtime,Showering,Use mobile devices,Use mobile devices,Use mobile devices,Sleeping,Sleeping,Sleeping,Sleeping,Sleeping,Sleeping,Sleeping
,,,,,,,,,Cooking,,,Getting dressed,Driving (work),,,,,,,,,,,,,,,,,,,Short rest,,,Tidy up,,,,,,,,,,,,,,,
Lapaha,56,Monday,Sleeping,Sleeping,Sleeping,Sleeping,Sleeping,Sleeping,Sleeping,Sleeping,Woke up,Getting dressed,Driving (work),Work,Work,Work,Work,Work,Work,Work,Work,Work,Work,Work,Work,Work,Work,Work,Driving (pick up kids),Driving (church),Driving (church),Driving (church),Driving (church),Home,Cooking,Dinner,Dinner,"Mobile devises (browsing, social media)",Showering,Homework (kids),Homework (kids),Homework (kids),Homework (kids),Homework (kids),Sleeping,Sleeping,Sleeping,Sleeping,Sleeping,Sleeping
,,,,,,,,,,,Showering,Breakfast,,,,,,,,,,,,,,,,,,,,,,Cooking,"Mobile devises (browsing, social media)",,,,,,,,,,,,,,,
Navutoka,71,Monday,Sleeping,Sleeping,Sleeping,Sleeping,Sleeping,Sleeping,Sleeping,Woke up,Getting dressed,Driving (work),Driving (drop relatives),Work,Work,Work,Work,Work,Work,Work,Work,Work,Work,Work,Work,Work,Work,Work,Work,Work,Driving (home),Driving (home),Home,Rest,Dinner,Dinner,Showering,Showering,Listen to music/radio,Listen to music/radio,Mobile device (movies),Mobile device (movies),Mobile device (movies),Sleeping,Sleeping,Sleeping,Sleeping,Sleeping,Sleeping,Sleeping
,,,,,,,,,,Showering,,,,,,,,,,,,,,,,,,,,,,,,,,,,,,,,,,,,,,,,
Matahau,69,Tuesday,Sleeping,Sleeping,Sleeping,Sleeping,Sleeping,Sleeping,Sleeping,Sleeping,Woke up,Getting dressed,Getting dressed,Driving (work),Work,Work,Work,Work,Work,Work,Work,Work,Work,Work,Work,Work,Work,Work,Work,Work,Work,Work,Work,Work,Church (social activities),Church (social activities),Church (social activities),Church (social activities),Church (social activities),Home,"Mobile devises (browsing, social media)","Mobile devises (browsing, social media)","Mobile devises (browsing, social media)","Mobile devises (browsing, social media)","Mobile devises (browsing, social media)",Sleeping,Sleeping,Sleeping,Sleeping,Sleeping
,,,,,,,,,,,Showering,,,Work,,,,,,,,,,,,,,,,,,,,,,,,,,"Mobile devises (browsing, social media)",,,,,,,,,,
Ngele'ia,72,Monday,Sleeping,Sleeping,Sleeping,Sleeping,Sleeping,Sleeping,Sleeping,Woke up,Getting dressed (kids),Getting dressed (kids),Getting dressed (kids),Driving (work),Work,Work,Work,Work,Work,Work,Work,Work,Work,Work,Work,Work,Work,Work,Work,Work,Driving (home),Driving (home),Driving (home),Cooking,Cooking,Dinner,Homework (kids),Homework (kids),Homework (kids),Showering,Showering,Sleeping,Sleeping,Sleeping,Sleeping,Sleeping,Sleeping,Sleeping,Sleeping,Sleeping
,,,,,,,,,,Getting dressed (kids),Getting dressed,Getting dressed,Getting dressed,,,,,,,,,,,,,,,,,,,,Home,,,,,,,,,,,,,,,,,
Niutoua,74,Tuesday,Sleeping,Sleeping,Sleeping,Sleeping,Sleeping,Sleeping,Woke up,Ironing,Getting dressed,Driving (work),Work,Work,Work,Work,Work,Work,Work,Work,Work,Work,Work,Work,Work,Work,Work,Work,Work,Work,Work,Work,Driving (home),Home,Cooking,Dinner,Mobile device (movies),Mobile device (movies),Mobile device (movies),Mobile device (movies),Sleeping,Sleeping,Sleeping,Sleeping,Sleeping,Sleeping,Sleeping,Sleeping,Sleeping,Sleeping
,,,,,,,,,Charging mobile devices,Showering,,,,,,,,,,,,,,,,,,,,,,,,,,,Charging mobile devices,,,,,,,,,,,,,
Pahu,76,Monday,Sleeping,Sleeping,Sleeping,Sleeping,Woke up,Ironing,Laundry,Getting dressed (kids),"Mobile devises (browsing, social media)",Driving (work),Work,Work,Work,Work,Work,Work,Work,Work,Work,Work,Work,Work,Work,Work,Work,Work,Work,Work,Work,Work,Home,Showering,Dinner,"TV (TV, movies)","TV (TV, movies)",Family devotion,"Mobile devises (browsing, social media)","Mobile devises (browsing, social media)","Mobile devises (browsing, social media)",Sleeping,Sleeping,Sleeping,Sleeping,Sleeping,Sleeping,Sleeping,Sleeping,Sleeping
,,,,,,,Family devotion,Cooking,Getting dressed,,,,,,,,,,,,,,,,,,,,,,,,Rest,Cooking,,"Mobile devises (browsing, social media)","Mobile devises (browsing, social media)",,,,,,,,,,,,,
Popua,80,Friday,Sleeping,Sleeping,Sleeping,Sleeping,Sleeping,Sleeping,Woke up,Driving (work),Work,Work,Work,Work,Work,Work,Work,Work,Work,Work,Work,Work,Work,Work,Work,Work,Work,Work,Work,Work,Work,Driving (home),"Family time (chatting, games etc)","Family time (chatting, games etc)","Family time (chatting, games etc)",Mobile device (movies),Mobile device (movies),Mobile device (movies),Mobile device (movies),Mobile device (movies),Mobile device (movies),Sleeping,Sleeping,Sleeping,Sleeping,Sleeping,Sleeping,Sleeping,Sleeping,Sleeping
,,,,,,,,,Getting dressed,,,,,,,,,,,,,,,,,,,,,,,,,,,"Mobile devises (browsing, social media)","Mobile devises (browsing, social media)","Mobile devises (browsing, social media)","Mobile devises (browsing, social media)","Mobile devises (browsing, social media)","Mobile devises (browsing, social media)",,,,,,,,,
Popua,77,Monday,Sleeping,Sleeping,Sleeping,Sleeping,Sleeping,Sleeping,Sleeping,Sleeping,Woke up,Breakfast,Getting dressed,Walking (work),Work,Work,Work,Work,Work,Work,Work,Work,Work,Work,Work,Work,Work,Work,Work,Work,Home,Tidy up,Tidy up,Tidy up,Cooking,Cooking,Dinner,Mobile device (movies),Mobile device (movies),Mobile device (movies),Mobile device (movies),Mobile device (movies),Mobile device (movies),Sleeping,Sleeping,Sleeping,Sleeping,Sleeping,Sleeping,Sleeping
,,,,,,,,,,,,,,Work,,,,,,,,,,,,,,,,,,,,,,,,,,,,,,,,,,,,
Puke,81,Wednesday,Sleeping,Sleeping,Sleeping,Sleeping,Sleeping,Sleeping,Sleeping,Sleeping,Feeding animals,Feeding animals,Getting dressed,Driving (work),Work,Work,Work,Work,Work,Work,Work,Work,Work,Work,Work,Work,Work,Work,Work,Driving (home),Home,Babysitting,Babysitting,Babysitting,Babysitting,Babysitting,"Family time (chatting, games etc)","Family time (chatting, games etc)","Family time (chatting, games etc)","Family time (chatting, games etc)","Family time (chatting, games etc)","Family time (chatting, games etc)","Family time (chatting, games etc)","Family time (chatting, games etc)",Sleeping,Sleeping,Sleeping,Sleeping,Sleeping,Sleeping
,,,,,,,,,,,,,,Work,,,,,,,,,,,,,,,,,Feeding animals,,"TV (TV, movies)",,,Dinner,,,"TV (TV, movies)",,,Light meal/snack,,,,,,,,
Tatakamotonga,83,Friday,Sleeping,Sleeping,Sleeping,Sleeping,Sleeping,Sleeping,Sleeping,Sleeping,Woke up,Showering,Driving (work),Work,Work,Work,Work,Work,Work,Work,Work,Work,Work,Work,Work,Work,Work,Work,Work,Work,Work,Work,Work,Work,Work,Work,Work,Work,Work,Driving (home),Dinner,Showering,"Mobile devises (browsing, social media)","Mobile devises (browsing, social media)",Sleeping,Sleeping,Sleeping,Sleeping,Sleeping,Sleeping
,,,Listen to music/radio,Listen to music/radio,Listen to music/radio,Listen to music/radio,Listen to music/radio,Listen to music/radio,Listen to music/radio,Listen to music/radio,Listen to music/radio,Getting dressed,Listen to music/radio,,,,,,,,,,,,,,,,,,,,,,,,,,,,,,,,,,,,,
Tuatakilangi,88,Tuesday,Sleeping,Sleeping,Sleeping,Sleeping,Woke up,Cooking,Breakfast,Getting dressed (kids),Breakfast,Turning off appliances/Lights,Driving (work),Work,Work,Work,Work,Work,Work,Work,Work,Work,Work,Work,Work,Work,Work,Work,Work,Work,Work,Driving (home),Home,Driving (work),Driving (work),Driving (work),Driving (work),Driving (work),Home,Dinner,Mobile devices (work),Mobile devices (work),Mobile devices (work),Sleeping,Sleeping,Sleeping,Sleeping,Sleeping,Sleeping,Sleeping
,,,,,,,Listen to music/radio,Listen to music/radio,Listen to music/radio,Listen to music/radio,Listen to music/radio,,Driving (drop kids),,,,,,,,,,,,,,,,,,,,Charging mobile devices,,,,,,,"TV (TV, movies)","Mobile devises (browsing, social media)","Mobile devises (browsing, social media)","Mobile devises (browsing, social media)",,,,,,,
Tofoa,85,Monday,Sleeping,Sleeping,Sleeping,Sleeping,Sleeping,Sleeping,Sleeping,Woke up,Getting dressed,Getting dressed,Driving (home),Work,Work,Work,Work,Work,Work,Work,Work,Work,Work,Work,Work,Work,Work,Work,Work,Work,Driving (pick up kids),Home,Tidy up,Tidy up,Wathing movies (TV),Helping siblings (Homework),Helping siblings (Homework),Dinner,Homework (kids),Reading,Reading,Reading,Reading,Sleeping,Sleeping,Sleeping,Sleeping,Sleeping,Sleeping,Sleeping
,,,,,,,,,,,,,,,,,,,,,,,,,,,,,,,,,Tidy up,Tidy up,,,,,,,,,,,,,,,,
Tokomololo,86,Wednesday,Sleeping,Sleeping,Sleeping,Sleeping,Woke up,Driving (gym),Cooking,Getting dressed,Breakfast,Breakfast,Driving (work),Work,Work,Work,Work,Work,Work,Work,Work,Work,Work,Work,Work,Work,Work,Work,Work,Work,Driving (gym),Driving (gym),Driving (gym),Driving (gym),Driving (gym),Driving (gym),Home,Cooking,Dinner,Reading,Reading,Reading,Sleeping,Sleeping,Sleeping,Sleeping,Sleeping,Sleeping,Sleeping,Sleeping
,,,,,,,Turning on appliances/lights,,Showering,,,,,,,,,,,,,,,,,,,,,,,,,,,,,,,,,,,,,,,,,
Fuaamotu,18,Friday,Sleeping,Sleeping,Sleeping,Sleeping,Sleeping,Sleeping,Woke up,Getting dressed,Breakfast,Driving (farm),Driving (farm),Driving (farm),Driving (farm),Driving (farm),Driving (farm),Driving (farm),Driving (farm),Driving (farm),Driving (farm),Driving (farm),Driving (farm),Driving (farm),Driving (farm),Driving (farm),Driving (farm),Driving (farm),Driving (farm),Driving (farm),Driving (farm),Driving (farm),Driving (farm),Home,Driving (drop relatives),Driving (drop relatives),Driving (drop relatives),Driving (drop relatives),Driving (drop relatives),Driving (drop relatives),Driving (drop relatives),Reading,Sleeping,Sleeping,Sleeping,Sleeping,Sleeping,Sleeping,Sleeping,Sleeping
,,,,,,,,,Family devotion,,,,,,,,,,,,,,,,,,,,,,,,,Dinner,,,,,,,,,,,,,,,,
Fuaamotu,20,Monday,Sleeping,Sleeping,Sleeping,Sleeping,Sleeping,Sleeping,Sleeping,Sleeping,Woke up,Getting dressed,Driving (work),Work,Work,Work,Work,Work,Work,Work,Work,Work,Work,Work,Work,Work,Work,Work,Work,Work,Driving (home),Driving (home),Rest,Rest,Cooking,Cooking,Cooking,Dinner,Dinner,"TV (TV, movies)",Sleeping,Sleeping,Sleeping,Sleeping,Sleeping,Sleeping,Sleeping,Sleeping,Sleeping,Sleeping
,,,,,,,,,,,Showering,,,,,,,,,,,,,,,,,,,,,,,,,,,,,"Mobile devises (browsing, social media)",,,,,,,,,,
Fuaamotu,23,Monday,Sleeping,Sleeping,Sleeping,Sleeping,Sleeping,Sleeping,Sleeping,Woke up,Breakfast,Driving (work),Driving (work),Work,Work,Work,Work,Work,Work,Work,Work,Work,Work,Work,Work,Work,Work,Work,Work,Work,Driving (home),Light meal/snack,Tidy up,"Family time (chatting, games etc)",Showering,"TV (TV, movies)","TV (TV, movies)","TV (TV, movies)",Dinner,"TV (TV, movies)",Sleeping,Sleeping,Sleeping,Sleeping,Sleeping,Sleeping,Sleeping,Sleeping,Sleeping,Sleeping
,,,,,,,,,,Showering,Driving (work),,,,,,,,,,,,,,,,,,,,,,,,,"Family time (chatting, games etc)","Family time (chatting, games etc)","Family time (chatting, games etc)",,,,,,,,,,,,
Fuaamotu,24,Monday,Sleeping,Sleeping,Sleeping,Sleeping,Sleeping,Sleeping,Sleeping,Woke up,Showering,Getting dressed,Driving (work),Work,Work,Work,Work,Work,Work,Work,Work,Work,Work,Work,Work,Work,Work,Work,Work,Driving (home),Driving (home),Home,Cooking,Dinner,"TV (TV, movies)","TV (TV, movies)","TV (TV, movies)",Family devotion,Sleeping,Sleeping,Sleeping,Sleeping,Sleeping,Sleeping,Sleeping,Sleeping,Sleeping,Sleeping,Sleeping,Sleeping
,,,,,,,,,,Family devotion,,,,,,,,,,,,,,,,,,,,,,Feeding animals,,,,,,,,,,,,,,,,,,
Tuatakilangi,87,Monday,Sleeping,Sleeping,Sleeping,Sleeping,Sleeping,Sleeping,Woke up,Family devotion,Cooking,Ironing,Driving (work),Work,Work,Work,Work,Work,Work,Work,Work,Work,Work,Work,Work,Work,Work,Work,Work,Work,Driving (home),Rest,Cooking,Cooking,Dinner,Dinner,Family devotion,Rest,Tidy up,Tidy up,Reading,Reading,Sleeping,Sleeping,Sleeping,Sleeping,Sleeping,Sleeping,Sleeping,Sleeping
,,,,,,,,,Listen to music/radio,Listen to music/radio,Breakfast,Getting dressed,Driving (public transport hub),,,,,,,,,,,,,,,,,,Home,,Listen to music/radio,Listen to music/radio,,,,,,,,,,,,,,,,
Halaovave,33,Tuesday,Sleeping,Sleeping,Sleeping,Sleeping,Sleeping,Woke up,Family devotion,Family devotion,Showering,Getting dressed,Breakfast,Work,Work,Work,Work,Work,Work,Work,Work,Work,Work,Work,Work,Work,Work,Work,Work,Work,Home,Cooking,Dinner,Dinner,Showering,Gardening,Gardening,Family devotion,"Family time (chatting, games etc)",Mobile device (movies),Mobile device (movies),Mobile device (movies),Mobile devices (work),Mobile devices (work),Sleeping,Sleeping,Sleeping,Sleeping,Sleeping,Sleeping
,,,,,,,,Tidy up,,,,,Driving (work),,,,,,,,,,,,,,,,,,Cooking,Tidy up,Tidy up,Tidy up,,,,,,,,,,,,,,,,
Umusi,89,Monday,Sleeping,Sleeping,Sleeping,Sleeping,Sleeping,Sleeping,Sleeping,Sleeping,Woke up,Ironing,Getting dressed,Work,Work,Work,Work,Work,Work,Work,Work,Work,Work,Work,Work,Work,Work,Work,Work,Work,Public transport (home),Public transport (home),Home,Cooking,Showering,Showering,Mobile device (movies),Mobile device (movies),Mobile device (movies),Mobile device (movies),Mobile device (movies),Mobile device (movies),Sleeping,Sleeping,Sleeping,Sleeping,Sleeping,Sleeping,Sleeping,Sleeping
,,,,,,,,,,,Family devotion,"Mobile devises (browsing, social media)",Public transport (work),,,,,,,,,,,,,,,,,,,,,Feeding animals,,,,"Mobile devises (browsing, social media)",,Light meal/snack,"Family time (chatting, games etc)","Family time (chatting, games etc)",,,,,,,,
Ma'ufanga,66,Monday,Sleeping,Sleeping,Sleeping,Sleeping,Sleeping,Sleeping,Sleeping,Sleeping,Woke up,Getting dressed,Breakfast,Driving (work),Work,Work,Work,Work,Work,Work,Work,Work,Work,Work,Work,Work,Work,Work,Work,Work,Work,Work,Work,Driving (home),Home,Dinner,Dinner,Mobile devices (work),Mobile devices (work),Mobile devices (work),Mobile devices (work),Mobile devices (work),Mobile devices (work),Mobile device (movies),Mobile device (movies),Mobile device (movies),Sleeping,Sleeping,Sleeping,Sleeping
,,,,,,,,,,,,"Mobile devises (browsing, social media)",,,,,,,,,,,,,,,,,,,,,,,,,,,,,,,,,,,,,,
Ma'ufanga,64,Monday,Sleeping,Sleeping,Sleeping,Sleeping,Woke up,Family devotion,Cooking,Cooking,Cooking (lunch),Ironing,Tidy up,Breakfast,Getting dressed,Feeding animals,Driving (work),Work,Work,Work,Work,Work,Work,Work,Work,Work,Work,Driving (home),Driving (home),Home,Cooking,Driving (church),Driving (church),Driving (church),Dinner,Dinner,"TV (TV, movies)","Family time (chatting, games etc)","Family time (chatting, games etc)","Family time (chatting, games etc)",Sleeping,Sleeping,Sleeping,Sleeping,Sleeping,Sleeping,Sleeping,Sleeping,Sleeping,Sleeping
,,,,,,,,,,,,,,,,,Work,,,,,,,,,,,,,Tidy up,,,,,,,,,,,,,,,,,,,,
Fangaloto,4,Tuesday,Sleeping,Sleeping,Sleeping,Sleeping,Sleeping,Sleeping,Sleeping,Sleeping,Sleeping,Woke up,Getting dressed,Driving (drop relatives),Driving (drop relatives),Driving (free time),Driving (free time),Home,Public transport (school),School,School,School,School,School,School,School,School,Public transport (home),Public transport (home),Home,Light meal/snack,Tidy up,Tidy up,Tidy up,Mobile devices (work),Mobile devices (work),Mobile devices (work),Mobile devices (work),Mobile devices (work),Mobile devices (work),Mobile devices (work),Mobile devices (work),Mobile devices (work),Mobile devices (work),Mobile devices (work),Mobile devices (work),Sleeping,Sleeping,Sleeping,Sleeping
,,,,,,,,,,,,,Breakfast,,,,,Getting dressed,,,,,,,,,,,,Rest,,,,,,,,Mobile devices (games),,,Mobile device (movies),,"Mobile devises (browsing, social media)",,,,,,,
Vaini,90,Tuesday,Sleeping,Sleeping,Sleeping,Sleeping,Sleeping,Sleeping,Woke up,Showering,Getting dressed,Getting dressed,Public transport (School),School,School,School,School,School,School,School,School,School,School,School,School,School,School,School,Public transport (home),Public transport (home),Public transport (home),Home,Rest,Rest,Studying,Studying,Studying,Studying,Studying,Studying,Studying,Studying,Studying,Sleeping,Sleeping,Sleeping,Sleeping,Sleeping,Sleeping,Sleeping
,,,,,,,,,,,,,,,,,,,,,,,,,,,,,,,,Light meal/snack,,,,,,,,,,,,,,,,,,
Vaini,91,Tuesday,Sleeping,Sleeping,Sleeping,Sleeping,Sleeping,Sleeping,Sleeping,Sleeping,Woke up,Ironing,Cooking,Driving (drop kids),Driving (drop kids),Driving (drop kids),Driving (drop kids),Home,Tidy up,Tidy up,Tidy up,Lunch,Lunch,Cooking,Cooking,Cooking,Cooking,Driving (pick up kids),Driving (pick up kids),Driving (pick up kids),Home,Rest,Rest,Rest,Cooking,Cooking,Cooking,Cooking,Dinner,"TV (TV, movies)","TV (TV, movies)","TV (TV, movies)",Sleeping,Sleeping,Sleeping,Sleeping,Sleeping,Sleeping,Sleeping,Sleeping
,,,,,,,,,,,Ironing,,Getting dressed (kids),,,,,Tidy up,,,,Listen to music/radio,Listen to music/radio,,,,,,,,Rest,,,,,,,,,,,,,,,,,,,
Vaini,92,Wednesday,Sleeping,Sleeping,Sleeping,Woke up,Driving (gym),Driving (gym),Driving (gym),Driving (gym),Driving (gym),Home,Getting dressed,Work,Work,Work,Work,Work,Work,Work,Work,Work,Work,Work,Work,Work,Work,Work,Work,Work,Driving (home),Driving (home),Home,Rest,Dinner,"TV (TV, movies)","TV (TV, movies)","TV (TV, movies)","TV (TV, movies)",Showering,"Family time (chatting, games etc)","Family time (chatting, games etc)","Family time (chatting, games etc)",Sleeping,Sleeping,Sleeping,Sleeping,Sleeping,Sleeping,Sleeping
,,,,,,Showering,,,,,,Showering,Public transport (work),,,,,,,,,,,,,,,,,,,,,,,,,,,,,,,,,,,,,
Vaini,95,Monday,Sleeping,Sleeping,Sleeping,Woke up,Driving (gym),Driving (gym),Driving (gym),Driving (gym),Driving (home),Breakfast,Showering,Driving (work),Work,Work,Work,Work,Work,Work,Work,Work,Work,Work,Work,Work,Work,Work,Work,Work,Driving (home),Home,Rest,Rest,"TV (TV, movies)","TV (TV, movies)",Dinner,Showering,"TV (TV, movies)","TV (TV, movies)",Kids bedtime,Kids bedtime,Mobile devices (work),Mobile devices (work),Sleeping,Sleeping,Sleeping,Sleeping,Sleeping,Sleeping
,,,,,,Showering,,,,,,,Getting dressed,Work,,,,,,,,,,,,,,,,,,,Listen to music/radio,Listen to music/radio,,,,,,,,,,,,,,,,
Vaini,96,Thursday,Sleeping,Sleeping,Sleeping,Sleeping,Sleeping,Sleeping,Woke up,Showering,Getting dressed,Driving (work),Work,Work,Work,Work,Work,Work,Work,Work,Work,Work,Work,Work,Work,Work,Work,Work,Work,Work,Driving (home),Cooking,Driving (church),Home,Church (social activities),Church (social activities),Church (social activities),Church (social activities),Church (social activities),Church (social activities),Church (social activities),Home,Sleeping,Sleeping,Sleeping,Sleeping,Sleeping,Sleeping,Sleeping,Sleeping
,,,,,,,,,,Getting dressed,,,,,,,,,,,,,,,,,,,,,,Listen to music/radio,,"TV (TV, movies)",,,,,,,,"Family time (chatting, games etc)",,,,,,,,
Malapo,68,Monday,Sleeping,Sleeping,Sleeping,Sleeping,Woke up,Family devotion,Showering,Breakfast,Driving (work),Work,Work,Work,Work,Work,Work,Work,Work,Work,Work,Work,Work,Work,Work,Work,Work,Work,Work,Work,Home,Rest,Rest,"Exercise (Jog, walk)","Exercise (Jog, walk)",Showering,Family devotion,Dinner,Sleeping,Sleeping,Sleeping,Sleeping,Sleeping,Sleeping,Sleeping,Sleeping,Sleeping,Sleeping,Sleeping,Sleeping
,,,,,,,,Ironing,,,,,,,,,,,,,,,,,,,,,,Driving (home),,,,,,,,,,,,,,,,,,,,
Veitongo,99,Monday,Sleeping,Sleeping,Sleeping,Sleeping,Sleeping,Sleeping,Sleeping,Woke up,Showering,Getting dressed,Driving (work),Work,Work,Work,Work,Work,Work,Work,Work,Work,Work,Work,Work,Work,Work,Work,Work,Work,Driving (home),Home,Cooking,Cooking,"TV (TV, movies)","TV (TV, movies)","TV (TV, movies)",Dinner,"TV (TV, movies)","TV (TV, movies)","TV (TV, movies)",Showering,Sleeping,Sleeping,Sleeping,Sleeping,Sleeping,Sleeping,Sleeping,Sleeping
,,,,,,,,,,,,,,,,,,,,,,,,,,,,,,,,,Listen to music/radio,Listen to music/radio,"Mobile devises (browsing, social media)","Mobile devises (browsing, social media)","Mobile devises (browsing, social media)",,,,,,,,,,,,,
Ha'ateiho,27,Wednesday,Sleeping,Sleeping,Sleeping,Sleeping,Sleeping,Sleeping,Sleeping,Sleeping,Woke up,Cooking,Driving (work),Work,Work,Work,Work,Work,Work,Work,Work,Work,Work,Work,Work,Work,Work,Work,Work,Work,Home,Feeding animals,Cooking,Cooking,Dinner,Dinner,Homework (kids),Homework (kids),"TV (TV, movies)","TV (TV, movies)",Sleeping,Sleeping,Sleeping,Sleeping,Sleeping,Sleeping,Sleeping,Sleeping,Sleeping,Sleeping
,,,,,,,,,,,Feeding animals,Breakfast,Driving (drop kids),,,,,,,,,,,,,,,,,,,,,,,,,,,,,,,,,,,,,
Ha'ateiho,29,Tuesday,Sleeping,Sleeping,Sleeping,Sleeping,Sleeping,Sleeping,Sleeping,Sleeping,Woke up,Showering,Getting dressed,Work,Work,Work,Work,Work,Work,Work,Work,Work,Work,Work,Work,Work,Work,Work,Work,Work,Work,Driving (home),Home,Tidy up,Tidy up,Showering,Walking (Kava),Walking (Kava),Walking (Kava),Walking (Kava),Walking (Kava),Walking (Kava),Walking (Kava),Walking (Kava),Walking (Kava),Walking (Kava),Walking (Kava),Walking (Kava),Walking (Kava),Walking (Kava)
,,,,,,,,,,,Ironing,,Driving (work),,,,,,,,,,,,,,,,,,,,,,,Dinner,,,,,,,,,,,,,,
Fangaloto,5,Tuesday,Sleeping,Sleeping,Sleeping,Sleeping,Sleeping,Sleeping,Woke up,Ironing,Showering,Breakfast,Driving (work),Work,Work,Work,Work,Work,Work,Work,Work,Work,Work,Work,Work,Work,Work,Work,Work,Work,Home,"TV (TV, movies)",Dinner,"Mobile devises (browsing, social media)","Mobile devises (browsing, social media)","Mobile devises (browsing, social media)","Mobile devises (browsing, social media)","Mobile devises (browsing, social media)",Showering,"TV (TV, movies)","TV (TV, movies)","TV (TV, movies)","TV (TV, movies)","TV (TV, movies)","TV (TV, movies)","TV (TV, movies)",Sleeping,Sleeping,Sleeping,Sleeping
,,,,,,,,,,,Getting dressed,,,,,,,,,,,,,,,,,,,,"TV (TV, movies)",,,,,,,,Getting dressed,,,,,,,,,,,
Fuaamotu,19,Monday,Sleeping,Sleeping,Sleeping,Sleeping,Sleeping,Woke up,Cooking (business),Cooking (business),Cooking (business),Driving (work),Driving (drop kids),Work,Work,Work,Work,Work,Work,Work,Work,Work,Work,Work,Work,Work,Work,Work,Work,Work,Work,Work,Work,Work,Driving (pick up kids),Driving (pick up kids),Home,Dinner,Family devotion,Homework (kids),Homework (kids),Reading,Sleeping,Sleeping,Sleeping,Sleeping,Sleeping,Sleeping,Sleeping,Sleeping
,,,,,,,,Reading,,,Getting dressed,,,,,,,,,,,,,,,,,,,,,,,,,,Cooking,,,,,,,,,,,,,